ticker,open_price,current_price,year_high,year_low,company_name
A,130.31,130.54,159.59,96.8,"Agilent Technologies, Inc."
AAL,13.93,13.21,19.08,10.86,"American Airlines Group, Inc."
AAPL,186.06,185.92,199.62,133.77,Apple Inc.
ABBV,162.75,162.4,166.2,130.96,AbbVie Inc.
ABNB,139.35,137.14,154.95,97.57,"Airbnb, Inc."
ABT,114.17,113.92,115.83,89.67,Abbott Laboratories
ACGL,77.73,77.69,90.65,60.7,Arch Capital Group Ltd.
ACN,350.0,356.33,357.66,242.8,Accenture plc
ADBE,598.39,596.54,633.89,318.6,Adobe Inc.
ADI,189.69,188.36,202.77,154.99,"Analog Devices, Inc."
ADM,70.0,69.56,89.32,69.01,Archer-Daniels-Midland Company
ADP,236.65,235.95,256.84,201.46,"Automatic Data Processing, Inc."
ADSK,242.47,242.44,245.88,188.38,"Autodesk, Inc."
AEE,72.64,71.89,91.18,69.71,Ameren Corporation
AEP,80.86,81.49,96.05,69.38,American Electric Power Company
AES,18.18,18.44,28.18,11.43,The AES Corporation
AFL,82.92,82.74,84.64,60.2,AFLAC Incorporated
AIG,67.48,67.5,69.76,45.66,"American International Group, I"
AIZ,166.07,164.64,173.61,104.49,"Assurant, Inc."
AJG,232.61,234.8,254.0,174.45,Arthur J. Gallagher & Co.
AKAM,117.95,118.1,120.61,70.65,"Akamai Technologies, Inc."
ALB,128.79,126.05,293.01,112.0,Albemarle Corporation
ALGN,276.36,271.64,413.2,176.34,"Align Technology, Inc."
ALL,151.0,151.03,152.0,100.57,Allstate Corporation (The)
ALLE,121.99,119.78,128.43,95.94,Allegion plc
AMAT,152.2,151.25,165.01,106.09,"Applied Materials, Inc."
AMCR,9.91,9.75,12.31,8.45,Amcor plc
AMD,148.04,146.56,151.05,67.27,"Advanced Micro Devices, Inc."
AME,164.92,163.44,165.52,131.52,"AMETEK, Inc."
AMGN,305.24,306.51,311.05,211.71,Amgen Inc.
AMP,380.46,376.4,386.33,275.09,"Ameriprise Financial, Inc."
AMT,209.67,209.43,235.57,154.58,American Tower Corporation (REI
AMZN,155.39,154.62,157.17,88.12,"Amazon.com, Inc."
ANET,252.0,252.03,254.73,111.0,"Arista Networks, Inc."
ANSS,357.0,346.48,364.31,248.0,"ANSYS, Inc."
AON,299.62,300.24,347.37,280.89,Aon plc
AOS,81.26,81.11,82.77,57.45,A.O. Smith Corporation
APA,33.08,32.54,46.98,30.67,APA Corporation
APD,265.96,264.13,320.9,251.63,"Air Products and Chemicals, Inc"
APH,96.87,96.5,99.93,72.0,Amphenol Corporation
APTV,84.22,80.88,124.88,71.01,Aptiv PLC
ARE,127.46,126.25,172.65,90.73,Alexandria Real Estate Equities
ATO,116.17,115.79,125.28,101.0,Atmos Energy Corporation
AVB,184.7,182.54,198.66,153.07,"AvalonBay Communities, Inc."
AVGO,1112.1,1107.68,1151.82,559.11,Broadcom Inc.
AVY,198.21,197.12,203.7,158.93,Avery Dennison Corporation
AWK,132.3,132.21,162.59,114.25,"American Water Works Company, I"
AXON,250.81,250.69,260.69,168.3,"Axon Enterprise, Inc."
AXP,185.83,182.04,189.51,140.91,American Express Company
AZO,2540.08,2569.1,2750.0,2277.88,"AutoZone, Inc."
BA,219.97,217.7,267.54,176.25,Boeing Company (The)
BAC,32.25,32.8,37.0,24.96,Bank of America Corporation
BALL,57.04,56.36,62.14,42.81,Ball Corporation
BAX,40.25,40.0,50.21,31.01,Baxter International Inc.
BBWI,43.64,42.21,49.55,27.3,"Bath & Body Works, Inc."
BBY,74.99,73.86,93.32,62.3,"Best Buy Co., Inc."
BDX,236.54,236.27,287.32,228.62,"Becton, Dickinson and Company"
BEN,28.94,28.4,34.37,21.88,"Franklin Resources, Inc."
BG,96.08,94.89,116.59,87.87,Bunge Limited
BIIB,248.17,248.12,319.76,220.86,Biogen Inc.
BIO,323.11,318.56,509.62,261.59,"Bio-Rad Laboratories, Inc."
BK,55.0,54.85,55.284,39.65,The Bank of New York Mellon Cor
BKNG,3572.19,3502.4,3580.62,2268.36,Booking Holdings Inc. Common St
BKR,31.69,31.52,37.58,26.12,Baker Hughes Company
BLDR,168.78,167.39,171.03,68.94,"Builders FirstSource, Inc."
BLK,785.0,799.6,819.0,596.18,"BlackRock, Inc."
BMY,50.39,50.31,75.18,48.25,Bristol-Myers Squibb Company
BR,202.11,202.6,207.29,133.97,"Broadridge Financial Solutions,"
BRO,73.45,74.48,76.25,52.82,"Brown & Brown, Inc."
BSX,59.94,59.94,60.64,44.79,Boston Scientific Corporation
BWA,34.18,32.79,47.05,31.63,BorgWarner Inc.
BX,120.48,119.34,133.53,76.19,Blackstone Inc.
BXP,70.97,69.96,79.42,46.18,"Boston Properties, Inc."
C,52.3,52.62,54.75,38.17,"Citigroup, Inc."
CAG,28.89,28.95,40.31,25.16,"ConAgra Brands, Inc."
CAH,105.72,105.79,108.85,68.53,"Cardinal Health, Inc."
CARR,57.14,56.14,60.04,40.28,Carrier Global Corporation
CAT,295.27,290.41,299.2,204.04,"Caterpillar, Inc."
CB,228.7,227.55,231.37,183.4,Chubb Limited
CBOE,177.94,180.68,183.74,116.11,"Cboe Global Markets, Inc."
CBRE,85.79,85.26,94.27,64.63,CBRE Group Inc
CCI,113.86,112.71,153.98,84.72,Crown Castle Inc.
CCL,17.53,16.96,19.74,8.37,Carnival Corporation
CDAY,65.21,65.31,79.66,55.62,Ceridian HCM Holding Inc.
CDNS,267.67,268.5,279.33,169.41,"Cadence Design Systems, Inc."
CDW,222.06,219.14,229.42,160.66,CDW Corporation
CE,149.22,147.37,159.06,97.12,Celanese Corporation
CEG,113.94,112.91,127.24,71.16,Constellation Energy Corporatio
CF,79.54,77.19,91.23,60.08,"CF Industries Holdings, Inc."
CFG,32.76,31.64,44.82,22.77,"Citizens Financial Group, Inc."
CHD,97.87,97.65,100.52,78.63,"Church & Dwight Company, Inc."
CHRW,87.49,86.87,108.05,78.69,"C.H. Robinson Worldwide, Inc."
CHTR,369.09,364.9,458.3,315.02,"Charter Communications, Inc."
CI,303.0,305.01,319.92,240.5,The Cigna Group
CINF,108.87,107.37,130.66,95.01,Cincinnati Financial Corporatio
CL,81.09,80.91,82.09,67.62,Colgate-Palmolive Company
CLX,143.06,143.3,178.21,114.69,Clorox Company (The)
CMA,55.58,54.11,77.34,28.4,Comerica Incorporated
CMCSA,43.42,42.99,47.46,34.63,Comcast Corporation
CME,198.0,197.54,223.8,171.93,CME Group Inc.
CMG,2278.83,2271.9,2348.42,1470.05,"Chipotle Mexican Grill, Inc."
CMI,239.98,237.15,265.28,203.18,Cummins Inc.
CMS,58.13,58.1,64.67,49.87,CMS Energy Corporation
CNC,77.38,78.81,79.83,60.83,Centene Corporation
CNP,28.57,28.57,31.44,25.42,"CenterPoint Energy, Inc (Holdin"
COF,128.62,127.7,134.26,83.93,Capital One Financial Corporati
COO,384.31,383.77,399.62,303.74,"The Cooper Companies, Inc."
COP,113.0,111.7,127.35,91.53,ConocoPhillips
COR,219.39,219.43,220.12,147.48,"Cencora, Inc."
COST,677.5,683.24,683.72,465.33,Costco Wholesale Corporation
CPB,43.74,43.42,56.04,37.94,Campbell Soup Company
CPRT,47.97,47.57,51.53,30.515,"Copart, Inc."
CPT,100.32,99.22,127.6,82.81,Camden Property Trust
CRL,214.82,211.49,262.0,161.65,Charles River Laboratories Inte
CRM,271.23,271.93,275.24,143.16,"Salesforce, Inc."
CSCO,50.5,50.34,58.19,45.56,"Cisco Systems, Inc."
CSGP,83.03,83.4,92.36,65.12,"CoStar Group, Inc."
CSX,34.72,34.86,35.09,27.6,CSX Corporation
CTAS,591.08,593.0,607.79,423.06,Cintas Corporation
CTLT,50.38,49.33,74.49,31.45,"Catalent, Inc."
CTRA,25.64,25.57,29.89,22.25,Coterra Energy Inc.
CTSH,75.3195,77.97,78.42,56.45,Cognizant Technology Solutions 
CTVA,46.42,46.11,65.21,43.22,"Corteva, Inc."
CVS,77.6,76.56,90.62,64.41,CVS Health Corporation
CVX,147.83,147.27,187.81,140.72,Chevron Corporation
CZR,45.56,44.4,60.27,38.33,"Caesars Entertainment, Inc."
D,47.52,47.33,63.68,39.18,"Dominion Energy, Inc."
DAL,40.15,38.47,49.81,30.6,"Delta Air Lines, Inc."
DD,76.33,75.53,78.74,62.8,"DuPont de Nemours, Inc."
DE,392.03,386.51,450.0,345.55,Deere & Company
DFS,111.32,109.53,122.5,79.04,Discover Financial Services
DG,133.51,134.64,239.71,101.09,Dollar General Corporation
DGX,135.6,135.3,150.57,119.59,Quest Diagnostics Incorporated
DHI,155.28,153.92,156.78,89.05,"D.R. Horton, Inc."
DHR,228.77,225.24,247.62411,182.09,Danaher Corporation
DIS,89.65,90.35,118.18,78.73,Walt Disney Company (The)
DLR,135.63,137.08,139.35,86.33,"Digital Realty Trust, Inc."
DLTR,135.72,135.76,161.1,102.77,"Dollar Tree, Inc."
DOV,148.57,147.14,160.66,127.25,Dover Corporation
DOW,54.02,53.37,60.875,47.26,Dow Inc.
DPZ,413.97,411.3,415.81,285.84,Domino's Pizza Inc
DRI,160.29,157.13,173.06,133.36,"Darden Restaurants, Inc."
DTE,108.82,108.85,118.9,90.14,DTE Energy Company
DUK,97.72,98.46,105.43,83.06,Duke Energy Corporation (Holdin
DVA,109.97,109.1,116.97,71.51,DaVita Inc.
DVN,44.44,42.77,66.96,42.59,Devon Energy Corporation
DXCM,128.93,125.0,139.55,74.75,"DexCom, Inc."
EA,138.26,137.92,143.47,108.53,Electronic Arts Inc.
EBAY,41.96,41.21,52.23,37.17,eBay Inc.
ECL,199.08,198.92,201.62,143.91,Ecolab Inc.
ED,91.78,91.62,100.92,80.46,"Consolidated Edison, Inc."
EFX,245.06,243.76,252.6,159.95,"Equifax, Inc."
EG,375.33,370.43,417.92,331.08,"Everest Group, Ltd."
EIX,71.68,71.36,74.92,58.82,Edison International
EL,139.25,134.81,283.62,102.22,"Estee Lauder Companies, Inc. (T"
ELV,470.02,475.12,508.78,412.0,"Elevance Health, Inc."
EMN,88.2,86.93,92.21,68.89,Eastman Chemical Company
EMR,95.44,94.87,100.62,76.94,Emerson Electric Company
ENPH,115.0,110.22,260.98,73.49,"Enphase Energy, Inc."
EOG,117.14,116.05,137.95,98.52,"EOG Resources, Inc."
EPAM,301.25,307.73,385.96,197.99,"EPAM Systems, Inc."
EQIX,809.57,815.02,824.86,661.66,"Equinix, Inc."
EQR,62.29,62.16,69.45,52.57,Equity Residential
EQT,37.96,37.82,45.23,28.11,EQT Corporation
ES,57.49,56.88,85.08,52.03,Eversource Energy (D/B/A)
ESS,250.67,249.08,252.85,195.03,"Essex Property Trust, Inc."
ETN,244.27,242.11,244.27,150.86,"Eaton Corporation, PLC"
ETR,103.12,103.13,111.9,87.1,Entergy Corporation
ETSY,73.3,70.34,149.91,58.2,"Etsy, Inc."
EVRG,53.72,53.85,63.93,46.92,"Evergy, Inc."
EW,75.64,74.03,94.87,60.57,Edwards Lifesciences Corporatio
EXC,36.5,36.07,43.71,34.05,Exelon Corporation
EXPD,126.21,126.66,129.18,102.89,Expeditors International of Was
EXPE,151.22,148.61,155.84,87.94,"Expedia Group, Inc."
EXR,152.03,152.32,170.3,101.19,Extra Space Storage Inc
F,11.65,11.46,15.42,9.63,Ford Motor Company
FANG,153.99,153.84,171.4,119.01,"Diamondback Energy, Inc."
FAST,63.53,63.52,65.66,45.7,Fastenal Company
FCX,41.35,40.94,46.73,32.83,"Freeport-McMoRan, Inc."
FDS,467.65,466.56,478.6,377.89,FactSet Research Systems Inc.
FDX,250.27,248.57,285.53,183.59,FedEx Corporation
FE,38.25,38.37,43.31,32.18,FirstEnergy Corp.
FFIV,176.8,176.15,180.7,127.05,"F5, Inc."
FI,136.99,136.92,137.15,101.58,"Fiserv, Inc."
FICO,1221.12,1230.99,1231.5,610.19,Fair Isaac Corproation
FIS,62.56,61.79,79.32,46.91,Fidelity National Information S
FITB,34.75,34.36,38.06,22.11,Fifth Third Bancorp
FLT,282.07,283.99,285.2,185.04,"FleetCor Technologies, Inc."
FMC,59.48,58.21,133.37,49.49,FMC Corporation
FOX,28.76,28.75,34.42,26.2,Fox Corporation
FOXA,30.95,31.14,37.26,28.665,Fox Corporation
FRT,103.1,102.9,115.08,85.27,Federal Realty Investment Trust
FSLR,160.52,160.44,232.0,129.22,"First Solar, Inc."
FTNT,62.63,62.44,81.24,44.12,"Fortinet, Inc."
FTV,72.29,71.88,79.9,62.7,Fortive Corporation
GD,251.34,254.81,261.39,202.35,General Dynamics Corporation
GE,130.6,129.79,130.8,75.67,General Electric Company
GEHC,76.28,76.17,87.83,61.3,GE HealthCare Technologies Inc.
GEN,23.19,23.09,23.74,15.45,Gen Digital Inc.
GILD,85.88,86.38,87.82,72.87,"Gilead Sciences, Inc."
GIS,63.42,63.39,90.89,60.33,"General Mills, Inc."
GL,120.1,120.2,125.02,102.23,Globe Life Inc.
GLW,30.91,30.6,37.1,25.26,Corning Incorporated
GM,35.67,35.26,43.63,26.3,General Motors Company
GNRC,123.33,123.5,156.95,79.86,Generac Holdlings Inc.
GOOG,144.34,144.24,146.66,88.86,Alphabet Inc.
GOOGL,142.67,142.65,145.22,88.58,Alphabet Inc.
GPC,139.33,138.8,181.37,126.35,Genuine Parts Company
GPN,132.86,130.27,138.07,94.05,Global Payments Inc.
GRMN,124.2,123.85,129.32,93.22,Garmin Ltd.
GS,383.34,377.75,389.47,289.36,"Goldman Sachs Group, Inc. (The)"
GWW,842.23,842.12,844.52,544.95,"W.W. Grainger, Inc."
HAL,34.81,34.48,43.85,27.84,Halliburton Company
HAS,49.85,48.61,73.58,42.66,"Hasbro, Inc."
HBAN,12.74,12.52,15.62,9.13,Huntington Bancshares Incorpora
HCA,284.65,282.19,304.86,215.96,"HCA Healthcare, Inc."
HD,358.53,355.71,361.0,274.26,"Home Depot, Inc. (The)"
HES,142.5,141.77,167.75,113.82,Hess Corporation
HIG,83.17,82.16,83.38,64.25,Hartford Financial Services Gro
HII,253.27,254.68,261.42,188.51,"Huntington Ingalls Industries, "
HLT,182.54,182.16,183.51,129.86,Hilton Worldwide Holdings Inc.
HOLX,72.82,72.75,87.88,64.02,"Hologic, Inc."
HON,203.39,201.1,217.02,174.88,Honeywell International Inc.
HPE,16.42,15.89,18.135,13.655,Hewlett Packard Enterprise Comp
HPQ,30.04,29.81,33.9,25.22,HP Inc.
HRL,31.68,31.81,46.88,30.12,Hormel Foods Corporation
HSIC,74.18,73.76,89.72,60.01,"Henry Schein, Inc."
HST,19.9,19.75,20.39,14.51,"Host Hotels & Resorts, Inc."
HSY,193.13,190.64,276.88,178.82,The Hershey Company
HUBB,329.05,327.63,340.06,219.77,Hubbell Inc
HUM,430.91,438.71,541.21,423.29,Humana Inc.
HWM,55.67,55.54,55.9,38.17,Howmet Aerospace Inc.
IBM,162.97,165.8,166.34,120.55,International Business Machines
ICE,127.31,126.96,129.16,94.16,Intercontinental Exchange Inc.
IDXX,563.0,535.29,568.3,372.5,"IDEXX Laboratories, Inc."
IEX,209.72,206.91,240.15,183.77,IDEX Corporation
IFF,83.0,80.25,118.34,62.11,International Flavors & Fragran
ILMN,141.22,138.04,238.55,89.0,"Illumina, Inc."
INCY,63.3,62.74,86.29,50.27,Incyte Corporation
INTC,47.6,47.12,51.28,24.73,Intel Corporation
INTU,612.0,611.8,631.07,378.22,Intuit Inc.
INVH,34.18,33.8,36.535,28.49,Invitation Homes Inc.
IP,38.0,37.67,41.89,29.01,International Paper Company
IPG,32.67,31.97,40.95,27.2,"Interpublic Group of Companies,"
IQV,215.92,213.85,241.86,167.42,"IQVIA Holdings, Inc."
IR,78.09,77.42,78.17,51.84,Ingersoll Rand Inc.
IRM,66.82,67.23,70.66,48.94,Iron Mountain Incorporated (Del
ISRG,365.0,363.71,366.86,222.65,"Intuitive Surgical, Inc."
IT,443.11,454.21,469.58,292.6,"Gartner, Inc."
ITW,256.03,253.63,265.0,217.06,Illinois Tool Works Inc.
IVZ,17.83,17.28,20.56,12.48,Invesco Ltd
J,133.15,133.83,141.16,109.0,Jacobs Solutions Inc.
JBHT,192.04,192.08,209.21,163.66,"J.B. Hunt Transport Services, I"
JBL,129.7,128.14,141.38,74.16,Jabil Inc.
JCI,57.86,56.34,70.43,47.9,Johnson Controls International 
JKHY,168.04,167.59,184.19,136.57,"Jack Henry & Associates, Inc."
JNJ,161.84,162.39,175.97,144.95,Johnson & Johnson
JNPR,37.7,37.51,38.04,24.87,"Juniper Networks, Inc."
JPM,173.8,169.05,176.31,123.11,JP Morgan Chase & Co.
K,55.45,55.42,67.88732,47.63,Kellanova
KDP,32.09,31.91,36.23,27.66,Keurig Dr Pepper Inc.
KEY,14.45,14.2,20.3,8.54,KeyCorp
KEYS,152.78,151.95,189.315,118.57,Keysight Technologies Inc.
KHC,37.74,37.68,42.62,30.68,The Kraft Heinz Company
KIM,20.79,20.62,23.27,16.34,Kimco Realty Corporation (HC)
KLAC,563.98,560.61,597.43,355.88,KLA Corporation
KMB,124.33,124.17,147.87,116.32,Kimberly-Clark Corporation
KMI,18.05,17.97,19.1,15.89,"Kinder Morgan, Inc."
KMX,72.23,69.59,87.5,55.77,CarMax Inc
KO,60.08,60.39,64.99,51.55,Coca-Cola Company (The)
KR,45.93,46.03,50.36,42.1,Kroger Company (The)
KVUE,22.0,21.51,27.795,17.82,Kenvue Inc.
L,71.5,71.08,71.84,52.85,Loews Corporation
LDOS,108.8,110.19,111.39,76.58,"Leidos Holdings, Inc."
LEN,155.48,151.75,156.01,94.11,Lennar Corporation
LH,223.29,223.48,234.09,179.58763,Laboratory Corporation of Ameri
LHX,204.99,207.8,219.31,160.25,"L3Harris Technologies, Inc."
LIN,408.74,408.92,434.21,318.88,Linde plc
LKQ,47.49,47.04,59.38,41.49,LKQ Corporation
LLY,638.2,642.92,644.0,309.2,Eli Lilly and Company
LMT,457.37,463.18,508.1,393.77,Lockheed Martin Corporation
LNT,50.36,50.38,56.26,45.15,Alliant Energy Corporation
LOW,220.26,218.91,237.21,181.85,"Lowe's Companies, Inc."
LRCX,760.73,759.67,801.29,453.65,Lam Research Corporation
LULU,488.08,479.94,516.39,286.58,lululemon athletica inc.
LUV,29.57,28.57,39.53,21.91,Southwest Airlines Company
LVS,49.84,49.61,65.58,43.77,Las Vegas Sands Corp.
LW,107.615,107.15,117.382,81.255,"Lamb Weston Holdings, Inc."
LYB,95.39,94.43,102.05,81.24,LyondellBasell Industries NV
LYV,92.0,90.66,101.74,64.25,"Live Nation Entertainment, Inc."
MA,429.95,429.1,431.79,340.21,Mastercard Incorporated
MAA,135.36,134.03,176.36,115.56,Mid-America Apartment Communiti
MAR,227.79,225.5,228.94,153.56,Marriott International
MAS,68.6,67.28,69.66,46.69,Masco Corporation
MCD,295.46,293.47,299.35,245.73,McDonald's Corporation
MCHP,86.09,85.41,94.3,68.75,Microchip Technology Incorporat
MCK,487.68,485.32,489.73,331.75,McKesson Corporation
MCO,379.85,379.79,396.91,278.23,Moody's Corporation
MDLZ,73.2,73.12,78.59,60.75,"Mondelez International, Inc."
MDT,87.6,87.42,92.02,68.84,Medtronic plc.
MET,69.68,68.83,73.28,48.95,"MetLife, Inc."
META,370.155,374.49,377.06,132.14,"Meta Platforms, Inc."
MGM,43.25,42.37,51.35,34.12,MGM Resorts International
MHK,106.88,101.85,130.63,76.02,"Mohawk Industries, Inc."
MKC,66.27,66.35,94.39,59.13,"McCormick & Company, Incorporat"
MKTX,272.97,268.98,399.78,200.01,"MarketAxess Holdings, Inc."
MLM,497.3,495.88,500.94,317.94,"Martin Marietta Materials, Inc."
MMC,193.85,195.94,202.81,151.86,"Marsh & McLennan Companies, Inc"
MMM,109.42,108.12,129.9,85.35,3M Company
MNST,59.13,59.05,60.47,47.13,Monster Beverage Corporation
MO,41.88,41.34,48.11,39.07,"Altria Group, Inc."
MOH,373.97,380.48,386.34,256.19,Molina Healthcare Inc
MOS,33.67,32.78,57.46,31.44,Mosaic Company (The)
MPC,157.65,157.46,162.31,104.32,Marathon Petroleum Corporation
MPWR,588.86,578.76,647.12,379.1,"Monolithic Power Systems, Inc."
MRK,118.07,118.63,119.94,99.14,"Merck & Company, Inc."
MRNA,107.0,105.95,207.51,62.55,"Moderna, Inc."
MRO,23.4,23.4,29.85,20.57,Marathon Oil Corporation
MS,91.28,89.7,100.99,69.42,Morgan Stanley
MSCI,555.3,545.46,573.32,451.55,MSCI Inc.
MSFT,385.49,388.47,390.68,230.68,Microsoft Corporation
MSI,315.29,316.31,329.83,251.0,"Motorola Solutions, Inc."
MTB,135.45,133.08,161.99,108.53,M&T Bank Corporation
MTCH,37.96,36.88,54.6,27.85,"Match Group, Inc."
MTD,1198.69,1182.28,1615.97,928.5,"Mettler-Toledo International, I"
MU,82.75,82.39,87.87,52.76,"Micron Technology, Inc."
NCLH,17.42,16.75,22.75,12.15,Norwegian Cruise Line Holdings 
NDAQ,56.95,56.93,63.9,46.88,"Nasdaq, Inc."
NDSN,253.39,251.62,265.99,202.57,Nordson Corporation
NEE,61.18,61.04,86.47,47.15,"NextEra Energy, Inc."
NEM,38.16,37.64,55.41,33.59,Newmont Corporation
NFLX,500.51,492.16,503.41,285.33,"Netflix, Inc."
NI,26.67,26.74,28.95,22.86,NiSource Inc
NKE,106.0,105.06,131.31,88.66,"Nike, Inc."
NOC,468.77,481.08,496.89,414.56,Northrop Grumman Corporation
NOW,724.8,729.18,734.3,405.37,"ServiceNow, Inc."
NRG,50.88,50.72,52.42,30.25,"NRG Energy, Inc."
NSC,227.85,229.53,260.2,183.09,Norfolk Southern Corporation
NTAP,87.28,86.67,91.78,59.73,"NetApp, Inc."
NTRS,83.87,83.81,100.25,62.44,Northern Trust Corporation
NUE,168.43,168.89,182.68,129.79,Nucor Corporation
NVDA,546.2,547.1,553.46,167.31,NVIDIA Corporation
NVR,7242.24,7208.9,7267.02,4900.99,"NVR, Inc."
NWS,25.5,25.34,26.0,15.73,News Corporation
NWSA,24.4,24.24,24.81,15.58,News Corporation
NXPI,211.3,209.11,238.27,155.31,NXP Semiconductors N.V.
O,59.53,58.9,68.85,45.04,Realty Income Corporation
ODFL,391.35,388.87,438.05,295.8,"Old Dominion Freight Line, Inc."
OKE,71.3,70.65,72.52,55.91,"ONEOK, Inc."
OMC,89.61,88.76,99.23,72.2,Omnicom Group Inc.
ON,74.2,73.47,111.35,61.47,ON Semiconductor Corporation
ORCL,105.1,106.6,127.54,82.04,Oracle Corporation
ORLY,948.38,953.06,1005.96,767.27,"O'Reilly Automotive, Inc."
OTIS,86.52,86.21,91.33,73.32,Otis Worldwide Corporation
OXY,58.25,58.06,67.93,55.12,Occidental Petroleum Corporatio
PANW,324.51,325.24,330.4,137.11,"Palo Alto Networks, Inc."
PARA,13.305,13.33,25.93,10.51,Paramount Global
PAYC,199.9,197.57,374.04,146.15,"Paycom Software, Inc."
PAYX,119.98,119.72,129.7,104.09,"Paychex, Inc."
PCAR,95.17,94.05,98.47,64.78,PACCAR Inc.
PCG,17.7,17.51,18.32,14.71,Pacific Gas & Electric Co.
PEAK,20.61,20.84,28.43,15.24,"Healthpeak Properties, Inc."
PEG,60.8,60.32,65.46,53.71,Public Service Enterprise Group
PEP,166.34,167.27,196.88,155.83,"Pepsico, Inc."
PFE,28.46,28.7,46.74,25.76,"Pfizer, Inc."
PFG,79.14,78.75,93.87,65.17,Principal Financial Group Inc
PG,150.95,150.6,158.38,135.83,Procter & Gamble Company (The)
PGR,169.38,168.9,169.96,111.41,Progressive Corporation (The)
PH,465.0,460.32,465.83,297.12,Parker-Hannifin Corporation
PHM,106.14,104.91,106.39,49.48,"PulteGroup, Inc."
PKG,167.32,166.16,171.61,122.2,Packaging Corporation of Americ
PLD,132.65,131.55,137.52,96.64,"Prologis, Inc."
PM,95.97,95.27,105.62,87.23,Philip Morris International Inc
PNC,151.79,148.92,167.12,109.4,"PNC Financial Services Group, I"
PNR,72.09,70.77,73.27,47.9,Pentair plc.
PNW,71.34,71.25,86.03,68.55,Pinnacle West Capital Corporati
PODD,208.31,200.5,335.91,125.82,Insulet Corporation
POOL,387.5,381.82,423.97,307.77,Pool Corporation
PPG,147.05,145.55,152.89,120.33,"PPG Industries, Inc."
PPL,27.26,27.08,30.83,22.2,PPL Corporation
PRU,104.0,103.23,107.31,75.37,"Prudential Financial, Inc."
PSA,292.73,295.03,316.48,233.18,Public Storage
PSX,132.51,132.87,138.06,89.74,Phillips 66
PTC,172.84,172.17,176.25,115.45,PTC Inc.
PWR,203.67,202.46,219.17,142.18,"Quanta Services, Inc."
PXD,223.99,223.69,257.76,177.27,Pioneer Natural Resources Compa
PYPL,61.8,61.0,88.625,50.25,"PayPal Holdings, Inc."
QCOM,142.12,140.2,146.89,101.47,QUALCOMM Incorporated
QRVO,104.0,102.3,114.97,80.62,"Qorvo, Inc."
RCL,123.03,121.21,130.97,59.37,Royal Caribbean Cruises Ltd.
REG,64.88,64.07,68.56,54.72,Regency Centers Corporation
REGN,925.0,933.2,935.37,684.81,"Regeneron Pharmaceuticals, Inc."
RF,18.64,18.28,24.33,13.72,Regions Financial Corporation
RHI,81.2,80.69,89.78,64.65,Robert Half Inc.
RJF,111.0,109.13,120.73,82.0,"Raymond James Financial, Inc."
RL,141.49,138.02,148.04,103.17,Ralph Lauren Corporation
RMD,178.56,173.9,243.52,132.24,ResMed Inc.
ROK,307.35,304.59,348.52,252.19,"Rockwell Automation, Inc."
ROL,43.99,43.75,45.04,32.19,"Rollins, Inc."
ROP,535.88,534.19,551.91,416.78,"Roper Technologies, Inc."
ROST,137.23,136.58,139.32,99.0,"Ross Stores, Inc."
RSG,164.42,166.14,167.17,120.58,"Republic Services, Inc."
RTX,86.56,86.33,104.91,68.56,RTX Corporation
RVTY,111.77,110.8,145.35,79.5,"Revvity, Inc."
SBAC,243.11,239.9,309.52,185.23,SBA Communications Corporation
SBUX,93.23,91.98,115.48,89.21,Starbucks Corporation
SCHW,65.65,65.23,84.51,45.0,Charles Schwab Corporation (The
SHW,298.87,302.51,314.14,205.43,Sherwin-Williams Company (The)
SJM,127.88,129.5,159.92,107.33,The J.M. Smucker Company
SLB,49.71,49.95,62.12,42.73,Schlumberger N.V.
SNA,286.07,283.92,297.26,226.68,Snap-On Incorporated
SNPS,501.3,494.4,573.77,329.89,"Synopsys, Inc."
SO,71.05,71.42,75.8,61.56,Southern Company (The)
SPG,145.5,146.62,146.91,100.17,"Simon Property Group, Inc."
SPGI,437.47,437.0,443.72,321.15,S&P Global Inc.
SRE,75.44,75.41,81.82,63.75,DBA Sempra
STE,224.62,223.4,254.0,173.21,STERIS plc (Ireland)
STLD,113.29,113.22,136.46,90.55,"Steel Dynamics, Inc."
STT,77.22,76.51,94.74,62.78,State Street Corporation
STX,82.41,82.78,87.93,54.32,Seagate Technology Holdings PLC
STZ,258.32,258.3,273.65,210.15,"Constellation Brands, Inc."
SWK,97.78,95.5,104.21,73.12,"Stanley Black & Decker, Inc."
SWKS,103.29,102.48,123.69,85.06,"Skyworks Solutions, Inc."
SYF,38.19,36.73,39.34,26.59,Synchrony Financial
SYK,312.19,312.9,317.26,248.8,Stryker Corporation
SYY,75.72,75.75,82.38,62.24,Sysco Corporation
T,16.34,16.48,21.53,13.43,AT&T Inc.
TAP,63.8,63.2,70.9,48.49,Molson Coors Beverage Company
TDG,1027.12,1032.83,1033.81,659.59,Transdigm Group Incorporated
TDY,443.32,440.46,448.71,364.98,Teledyne Technologies Incorpora
TECH,73.73,72.17,89.91,51.79,Bio-Techne Corp
TEL,132.25,131.93,146.6,115.0,TE Connectivity Ltd. New Switze
TER,105.0,104.81,119.2,81.08,"Teradyne, Inc."
TFC,37.435,36.74,51.26,25.56,Truist Financial Corporation
TFX,251.95,249.15,276.43,177.63,Teleflex Incorporated
TGT,142.7,140.91,181.7,102.93,Target Corporation
TJX,95.65,95.03,95.65,72.92,"TJX Companies, Inc. (The)"
TMO,548.51,544.32,609.85,415.6,Thermo Fisher Scientific Inc
TMUS,163.4,162.54,164.5,124.92,"T-Mobile US, Inc."
TPR,37.79,36.34,47.48,25.99,"Tapestry, Inc."
TRGP,84.83,83.82,91.44,64.85,"Targa Resources, Inc."
TRMB,51.83,51.26,62.01,39.57,Trimble Inc.
TROW,110.02,110.49,132.76,87.43,"T. Rowe Price Group, Inc."
TRV,195.91,195.56,196.41,157.33,"The Travelers Companies, Inc."
TSCO,221.43,223.57,251.17,185.0,Tractor Supply Company
TSLA,220.08,218.89,299.29,124.31,"Tesla, Inc."
TSN,54.59,54.87,66.34,44.94,"Tyson Foods, Inc."
TT,247.76,246.15,247.76,162.04,Trane Technologies plc
TTWO,161.87,161.68,164.85,101.77,"Take-Two Interactive Software, "
TXN,166.66,164.87,188.12,139.48,Texas Instruments Incorporated
TXT,78.69,79.38,81.59,61.27,Textron Inc.
TYL,426.97,429.0,430.42,301.69,"Tyler Technologies, Inc."
UAL,42.57,39.78,58.23,33.68,"United Airlines Holdings, Inc."
UBER,63.2,63.2,64.92,28.34,"Uber Technologies, Inc."
UDR,38.91,38.59,45.46,30.95,"UDR, Inc."
UHS,159.0,158.59,160.36,113.69,"Universal Health Services, Inc."
ULTA,486.59,482.08,556.6,368.02,"Ulta Beauty, Inc."
UNH,518.86,521.51,554.7,445.68,UnitedHealth Group Incorporated
UNP,237.27,237.71,246.99,183.69,Union Pacific Corporation
UPS,160.23,158.31,197.8,133.68,"United Parcel Service, Inc."
URI,558.05,559.18,585.5,325.15,"United Rentals, Inc."
USB,42.87,42.15,49.95,27.27,U.S. Bancorp
V,265.13,264.17,266.19,208.76,Visa Inc.
VFC,17.05,16.21,32.13,12.85,V.F. Corporation
VICI,31.45,31.1,35.07,26.625,VICI Properties Inc.
VLO,130.0,131.5,152.2,104.18,Valero Energy Corporation
VLTO,76.21,75.76,83.885,65.51,Veralto Corp
VMC,222.6,223.96,229.75,159.76,Vulcan Materials Company (Holdi
VRSK,235.64,236.77,249.26,169.74,"Verisk Analytics, Inc."
VRSN,205.14,204.18,229.72,188.44,"VeriSign, Inc."
VRTX,432.49,433.4,434.85,283.6,Vertex Pharmaceuticals Incorpor
VTR,48.42,49.11,53.15,39.33,"Ventas, Inc."
VTRS,12.11,11.68,12.49,8.74,Viatris Inc.
VZ,38.19,38.56,42.0,30.14,Verizon Communications Inc.
WAB,127.77,128.02,128.48,91.89,Westinghouse Air Brake Technolo
WAT,305.53,307.96,346.99,231.9,Waters Corporation
WBA,23.97,23.27,37.96,19.68,"Walgreens Boots Alliance, Inc."
WBD,10.67,10.65,16.34,9.27,"Warner Bros. Discovery, Inc. - "
WDC,50.89,50.005,53.21,31.97,Western Digital Corporation
WEC,82.86,82.79,99.26,75.47,"WEC Energy Group, Inc."
WELL,90.56,91.93,93.42,65.18,Welltower Inc.
WFC,47.95,47.4,50.77,35.25,Wells Fargo & Company
WHR,121.19,114.16,160.74,98.4,Whirlpool Corporation
WM,180.0,181.4,181.58,148.31,"Waste Management, Inc."
WMB,35.25,34.92,37.45,27.8,"Williams Companies, Inc. (The)"
WMT,161.37,161.32,169.94,136.09,Walmart Inc.
WRB,73.21,72.81,75.53,55.5,W.R. Berkley Corporation
WRK,41.79,41.69,43.58,26.84,Westrock Company
WST,356.04,346.77,415.73,247.64,"West Pharmaceutical Services, I"
WTW,248.09,248.4,258.93,195.29,Willis Towers Watson Public Lim
WY,34.24,33.63,36.0,27.65,Weyerhaeuser Company
WYNN,93.87,94.11,117.86,81.65,"Wynn Resorts, Limited"
XEL,61.35,61.31,71.96,53.73,Xcel Energy Inc.
XOM,100.14,99.95,120.7,97.48,Exxon Mobil Corporation
XRAY,36.7,36.56,43.24,26.27,DENTSPLY SIRONA Inc.
XYL,112.13,111.73,117.42,87.59,Xylem Inc.
YUM,129.48,129.13,143.25,115.53,"Yum! Brands, Inc."
ZBH,123.69,123.07,149.25,102.0,"Zimmer Biomet Holdings, Inc."
ZBRA,256.77,248.87,351.74,194.59,Zebra Technologies Corporation
ZION,43.58,42.11,55.2,18.26,Zions Bancorporation N.A.
ZTS,197.68,198.94,201.92,151.03,Zoetis Inc.
